B.S.,A.D.,Time,Latitude,Longitude,Magnitude,Recorded Centre,Location
2075-2-18,2018-06-01,15:22,27.68,86.11,4.3,NSC,Dolakha
2075-2-17,2018-05-31,20:32,28.17,84.89,4.1,NSC,gorkha
2075-2-17,2018-05-31,16:00,28.9,81.77,4.3,RSC/NSC,Dailekh
2075-2-10,2018-05-24,14:25,29.98,80.54,4.6,RSC/NSC,Dharchula
2075-1-22,2018-05-05,15:04,27.74,88.13,4.4,NSC,Taplejung
2074-11-18,2018-03-02,05:06,27.7,86.33,4.6,NSC,Dolakha
2074-11-15,2018-02-27,19:00,27.7,86.33,4.3,NSC,Dolakha
2074-11-9,2018-02-21,15:59,28.07,85.96,4.3,NSC,Tibet
2074-10-5,2018-01-19,02:53,27.72,86.01,4.3,NSC,Dolakha
2074-9-13,2017-12-28,7:45,29.82,80.76,4.5,RSC/NSC,Darchula
2074-9-3,2017-12-18,11:33,27.96,85.68,4.2,NSC,Sindhupalchowk
2074-8-22,2017-12-08,02:51,27.63,86.19,5.2,NSC,Dolakha
2074-7-20,2017-11-06,03:09,29.78,81.28,4.5,RSC/NSC,Bajhang
2074-7-9,2017-10-26,12:51,29.08,81.45,4,NSC/RSC,Achham
2074-6-29,2017-10-15,23:17,28.5,83.32,4.2,NSC,Myagdi
2074-6-16,2017-10-02,01:22,28.83,82.55,4.1,NSC/RSC,Rukum
2074-6-5,2017-09-21,07:19,27.62,86.25,4.6,NSC,Dolakha
2074-5-8,2017-08-24,10:40,28.06,85.94,4.8,NSC,Sindhupalchok-Tibet border
2074-5-6,2017-08-22,00:50,29.41,81.1,4.9,RSC/NSC,Bajhang
2074-5-5,2017-08-21,12:03,27.66,86.27,4.6,NSC,Dolakha
2074-4-9,2017-07-24,04:44,27.56,85.96,4,NSC,Dolakha
2074-3-31,2017-07-15,16:35,28.94,81.75,4,NSC/RSC,Dailekh
2074-3-18,2017-07-02,01:58,27.34,86.49,5.1,NSC,Okhaldhunga
2074-3-14,2017-06-28,18:24,27.66,86.41,4.2,NSC,Ramechhap
2074-2-31,2017-06-14,03:42,27.88,88.13,4.1,NSC,Taplejung-Tibet Border
2074-2-29,2017-06-12,11:54,27.62,86.1,4.1,NSC,Dolakha
2074-2-16,2017-05-30,17:38,29.64,80.97,4.1,RSC/NSC,Bajhang
2074-1-11,2017-04-24,11:19,27.86,85.77,4.2,NSC,Sindhupalchowk
2074-1-11,2017-04-24,15:04,29.75,81.31,4.1,NSC/RSC,Bajhang
2073-11-27,2017-03-10,01:43,30.37,81.57,4.1,RSC/NSC,Humla
2073-11-16,2017-02-27,04:21,27.38,86.13,4.7,NSC,Ramechhap
2073-11-16,2017-02-27,03:37,27.36,86.12,4.6,NSC,Ramechhap
2073-11-7,2017-02-18,00:15,27.79,84.8,4,NSC,Dhading
2073-10-28,2017-02-10,11:13,29.88,80.61,4.1,NSC/RSC,Darchula
2073-10-22,2017-02-04,12:13,27.73,86.08,4.4,NSC,Dolakha
2073-9-19,2017-01-03,18:41,29.71,81.57,4,RSC/NSC,Bajura
2073-8-13,2016-11-28,23:35,27.79,86.58,5.6,"NSC,RSC",Ramechap/Solukhumbu
2073-7-21,2016-11-06,16:02,29.69,81.05,4,RSC/NSC,Bajhang
2073-7-1,2016-10-17,04:18,27.87,85.3,4,NSC,Nuwakot
2073-6-29,2016-10-15,12:37,28.04,85.17,4.1,NSC,Rasuwa
2073-6-26,2016-10-12,08:29,27.66,85.95,4.1,NSC,Dolakha
2073-6-25,2016-10-11,07:08,27.67,85.95,4.6,NSC,Dolakha
2073-6-21,2016-10-07,04:52,27.65,86.13,4.2,NSc,Dolakha
2073-6-2,2016-09-18,17:12,27.91,85.77,4.6,NSC,Sindhupalchowk
2073-5-20,2016-09-05,02:04,27.78,86.35,4.5,NSC,Dolakha
2073-5-20,2016-09-05,00:37,27.82,86.14,4.1,NSC,Dolakha
2073-5-11,2016-08-27,12:03,29.81,81.56,4,RSC/NSC,Bajura
2073-4-8,2016-07-23,06:14,27.99,84.71,4.1,NSC,Gorkha
2073-3-24,2016-07-08,22:23,27.84,86.16,4.1,NSC,Dolakha
2073-3-23,2016-07-07,11:53,27.92,85.66,4.4,NSC,Sindhupalchowk
2073-3-23,2016-07-07,08:59,28.31,84.35,4.3,NSC/RSC,Lamjung
2073-3-18,2016-07-02,00:23,29.64,81.28,4.4,RSC/NSC,Bajhang
2073-3-15,2016-06-29,09:10,29.63,81.28,5,RSC/NSC,Bajhang
2073-3-15,2016-06-29,09:26,29.63,81.24,4.2,RSC/NSC,Bajhang
2073-3-8,2016-06-22,13:00,27.76,86.34,4.1,NSC,Dolakha
2073-3-7,2016-06-21,05:49,27.93,85.21,4.4,NSC,Nuwakot
2073-2-32,2016-06-14,23:27,28.03,84.64,4.3,NSC,Gorkha
2073-2-21,2016-06-03,23:25,27.96,85.62,4.4,NSC,Sindhupalchowk
2073-2-15,2016-05-28,09:39,27.94,85.5,4.6,NSC/RSC,Sindhupalchok
2073-2-11,2016-05-24,19:09,27.73,85.16,4.2,NSC/RSC,Dhading
2073-2-2,2016-05-15,22:45,27.93,85.5,4.4,NSC/RSC,Sindhupalchowk
2073-2-1,2016-05-14,23:20,27.97,85.55,4.3,NSC,Sindhupalchowk
2073-1-31,2016-05-13,19:24,27.69,86.24,4.1,NSC,Dolakha
2073-1-29,2016-05-11,08:52,28.01,84.68,4.5,NSC,Gorkha
2073-1-29,2016-05-11,01:19,28.01,84.94,4.4,NSC,Dhading
2073-1-23,2016-05-05,04:46,28.24,84.99,4.1,NSC,Gorkha/Dhading
2073-1-22,2016-05-04,05:32,29.38,81.88,4,RSC/NSC,Kalikot
2073-1-18,2016-04-30,06:43,29.54,81.1,4.2,RSC/NSC,Bajhang
2073-1-14,2016-04-26,09:33,28.05,85.38,4.3,NSC,Rasuwa
2073-1-12,2016-04-24,20:31,28.08,85.13,4.2,NSC,Nuwakot
2073-1-10,2016-04-22,06:56,27.72,86.29,4,NSC,Dolakha
2073-1-10,2016-04-22,11:04,27.79,85.85,4,NSC,Sindhupalchowk
2072-12-30,2016-04-12,14:41,27.56,86.17,4.4,NSC,Dolakha
2072-12-27,2016-04-09,13:20,27.65,85.31,4.5,NSC,Lalitpur
2072-12-22,2016-04-04,03:55,29.81,81.51,4.3,RSC/NSC,Bajhang
2072-12-22,2016-04-04,04:31,27.72,86.09,4.7,NSC,Dolakha
2072-12-18,2016-03-31,22:41,27.93,85.59,4,NSC,Sindhupalchowk
2072-12-17,2016-03-30,12:26,27.89,85.73,4.7,NSC,Sindhupalchowk
2072-12-11,2016-03-24,23:41,27.75,88.04,4.1,NSC,Taplejung
2072-12-4,2016-03-17,05:14,27.34,86.27,4,NSC,Okhaldhunga
2072-12-2,2016-03-15,21:27,27.84,85.73,4.5,NSC,Sindhupalchowk
2072-11-30,2016-03-13,05:15,27.83,84.9,4.8,NSC,Dhading
2072-11-28,2016-03-11,09:28,27.9,85.87,4.2,NSC,Sindhupalchowk
2072-11-24,2016-03-07,08:05,30.22,81.7,4.4,NSC/RSC,Humla
2072-11-23,2016-03-06,01:25,27.69,85.93,4,NSC,Sindhupalchowk
2072-11-18,2016-03-01,10:45,27.79,85.73,4.3,NSC,Sindhupalchowk
2072-11-12,2016-02-24,09:22,27.8,85.74,5.4,NSC,Sindhupalchok
2072-11-11,2016-02-23,03:00,27.47,87.15,4.5,NSC,Sankhuwasava
2072-11-9,2016-02-21,18:09,28.08,84.76,5.5,NSC,Gorkha
2072-11-8,2016-02-20,22:09,27.86,85.29,4.1,NSC,Nuwakot
2072-11-1,2016-02-13,14:37,27.81,85.72,4.3,NSC,Sindhupalchowk
2072-10-27,2016-02-10,16:27,27.84,85.71,4.6,NSC,Sindhupalchowk
2072-10-22,2016-02-05,16:20,27.95,85.52,5.5,NSC,Sindhupalchowk
2072-10-13,2016-01-27,20:42,27.83,85.83,4.4,NSC,Sindhupalchowk
2072-10-13,2016-01-27,14:57,26.68,86.27,4.2,NSC,Siraha
2072-10-8,2016-01-22,19:22,28.06,85.09,4.6,NSC,Nuwakot
2072-10-1,2016-01-15,13:05,27.63,86.25,4.1,NSC,Dolakha
2072-10-1,2016-01-15,17:14,27.65,86.23,4.3,NSC,Dolakha
2072-9-25,2016-01-09,17:43,27.48,86.01,4.4,NSC,Ramechhap
2072-9-20,2016-01-04,13:02,27.75,86.12,4.1,NSC,Dolakha
2072-9-18,2016-01-02,21:30,28.01,85.8,4.2,NSC,Sindhupalchowk
2072-9-16,2015-12-31,01:56,27.86,85.72,4.3,NSC,Sindhupalchowk
2072-9-13,2015-12-28,22:07,27.7,86.12,4.2,NSC,Dolakha
2072-9-11,2015-12-26,04:48,29.35,81.29,4.1,NSC,Bajura
2072-9-8,2015-12-23,03:14,27.79,86.08,4.1,NSC,Dolakha
2072-9-3,2015-12-18,22:16,29.44,81.69,5.5,NSC/RSC,Bajura
2072-8-27,2015-12-13,03:00,28.04,85.02,4.1,NSC,Dhading
2072-8-21,2015-12-07,01:42,27.86,86.19,4,NSC,Dolakha
2072-8-14,2015-11-30,00:25,27.78,85.39,4.1,NSC,Kathmandu
2072-8-11,2015-11-27,10:37,27.11,87.95,4.6,NSC,Panchthar
2072-8-11,2015-11-27,09:38,27.63,85.53,4.1,NSC,kavrepalanchok
2072-8-9,2015-11-25,18:57,27.87,85.77,4.1,NSC,Sindhupalchowk
2072-8-8,2015-11-24,12:24,28.15,84.81,4.4,NSC,Gorkha
2072-8-8,2015-11-24,11:15,27.87,85.29,4,NSC,Nuwakot
2072-8-6,2015-11-22,13:26,28.43,83.3,4.1,NSC/RSC,Myagdi
2072-8-4,2015-11-20,08:00,28.35,83.36,4,NSC/RSC,Baglung
2072-8-3,2015-11-19,11:59,27.77,85.88,4,NSC,Sindhupalchok
2072-8-3,2015-11-19,04:15,27.89,85.75,5.3,NSC,Sindupalchok
2072-8-1,2015-11-17,13:10,28.02,85.28,4.3,NSC,Rasuwa
2072-7-26,2015-11-12,10:00,27.99,85.65,4.2,NSC,Sindupalchok
2072-7-14,2015-10-31,03:43,28.03,85.23,4.3,NSC,Rasuwa
2072-6-30,2015-10-17,18:01,27.8,86.3,4.2,NSC,Dolakha
2072-6-29,2015-10-16,08:43,27.71,86.16,4.2,NSC,Dolakha
2072-6-21,2015-10-08,16:13,27.96,85.54,4.1,NSC,Sindupalchowk
2072-6-21,2015-10-08,07:15,27.57,85.31,4,NSC,Lalitpur
2072-6-20,2015-10-07,23:30,27.68,86.08,4.2,NSC,Dolakha
2072-6-19,2015-10-06,12:02,27.69,86.09,4.2,NSC,Dolakha
2072-6-18,2015-10-05,07:36,27.71,86.1,4.2,NSC,Dolakha
2072-6-18,2015-10-05,07:33,27.71,86.15,4.8,NSC,Dolakha
2072-6-12,2015-09-29,09:27,29.83,80.6,4.6,RSC,Darchula
2072-6-12,2015-09-29,10:54,27.77,85.87,4.6,NSC,Sindhupalchowk
2072-6-5,2015-09-22,06:32,27.74,85.07,4.5,NSC,Dhading
2072-6-3,2015-09-20,22:20,27.76,86.37,4,NSC,Dolakha
2072-5-30,2015-09-16,14:52,27.6,86.19,4.2,NSC,Dolakha
2072-5-23,2015-09-09,12:38,27.82,86.24,4,NSC,Dolakha
2072-5-17,2015-09-03,23:25,27.75,86.01,4.3,NSC,Sindhupalchowk
2072-5-16,2015-09-02,23:06,27.64,86.19,4.4,NSC,Dolakha
2072-5-14,2015-08-31,17:48,27.92,85.69,4.2,NSC,Sindhupalchowk
2072-5-13,2015-08-30,13:17,27.72,85.75,5,NSC,Sindhupalchowk
2072-5-13,2015-08-30,02:41,27.66,86.23,4.1,NSC,Dolakha
2072-5-13,2015-08-30,21:24,27.92,84.94,4.3,NSC,Dhading
2072-5-10,2015-08-27,00:22,28.12,84.89,4.1,NSC,Gorkha
2072-5-10,2015-08-27,19:06,27.85,85.74,4.2,NSC,Sindhupalchowk
2072-5-9,2015-08-26,07:46,30.11,81.53,4.1,RSC,Humla
2072-5-8,2015-08-25,09:23,27.68,86.22,4,NSC,Dolakha
2072-5-6,2015-08-23,09:02,27.87,86.17,5.1,NSC,Dolakha
2072-5-4,2015-08-21,06:36,27.96,85.48,4,NSC,Nuwakot
2072-5-3,2015-08-20,06:02,28,85.29,4.6,NSC,Rasuwa
2072-5-1,2015-08-18,22:23,27.93,86.14,4.8,NSC,Dolakha
2072-4-30,2015-08-15,18:11,27.71,86.05,4.8,NSC,Dolakha
2072-4-30,2015-08-15,04:25,27.87,86.08,4.1,NSC,Dolakha
2072-4-29,2015-08-14,13:02,27.59,85.97,4.3,NSC,Dolakha
2072-4-28,2015-08-13,20:04,27.72,85.2,4,NSC,Kathmandu
2072-4-26,2015-08-11,04:57,27.7,85.29,4.3,NSC,Kathmandu
2072-4-25,2015-08-10,22:30,28.14,84.72,4.9,NSC,Gorkha
2072-4-24,2015-08-09,18:36,30.1,81.85,4,RSC/NSC,Humla
2072-4-24,2015-08-09,02:10,27.94,85.52,4.1,NSC,Sindupalchok
2072-4-23,2015-08-08,15:40,27.69,86.26,4.1,NSC,Dolakha
2072-4-23,2015-08-08,00:39,27.77,85.7,4,NSC,Sindupalchok
2072-4-22,2015-08-07,06:12,27.5,85.5,4.4,NSC,Kavre
2072-4-21,2015-08-06,14:51,27.86,85.76,4.1,NSC,Sindupalchok
2072-4-20,2015-08-05,11:53,27.63,86.07,4.1,NSC,Dolakha
2072-4-20,2015-08-05,08:14,27.64,86.07,4.3,NSC,Dolakha
2072-4-16,2015-08-01,01:37,27.81,85.71,4.2,NSC,Sindupalchok
2072-4-14,2015-07-30,14:33,27.66,86.09,4.5,NSC/RSC,Dolakha
2072-4-12,2015-07-28,03:36,27.8,85.75,4.1,NSC,Sindupalchok
2072-4-12,2015-07-28,12:53,27.68,86.04,4,NSC,Dolakha
2072-4-12,2015-07-28,15:38,27.59,86.17,4.1,NSC,Dolakha
2072-4-11,2015-07-27,12:38,27.94,85.48,4.2,NSC,Nuwakot
2072-4-10,2015-07-26,04:18,27.85,85.75,4,NSC,Sindupalchok
2072-4-10,2015-07-26,03:45,27.68,86.22,4.1,NSC,Dolakha
2072-4-9,2015-07-25,14:19,27.66,86,4.5,NSC,Dolakha
2072-4-9,2015-07-25,18:20,27.61,86.28,4.3,NSC,Dolakha
2072-4-6,2015-07-22,16:29,27.7,85.32,4.6,NSC/RSC,Kathmandu
2072-4-5,2015-07-21,02:24,27.86,86.39,4.3,NSC,Dolakha
2072-4-1,2015-07-17,23:24,28.18,84.74,4,NSC,Gorkha
2072-3-30,2015-07-15,02:29,29.8,80.73,4.1,RSC,Darchula
2072-3-28,2015-07-13,11:54,27.63,86.09,4.2,NSC,Dolakha
2072-3-28,2015-07-13,10:16,28.06,85.34,4,NSC,Rasuwa
2072-3-26,2015-07-11,20:43,27.8,86.23,4.4,NSC,Dolakha
2072-3-24,2015-07-09,12:14,27.89,85.73,4.4,NSC,Sindupalchok
2072-3-23,2015-07-08,04:10,27.92,85.68,4.2,NSC,Sindhupalchok
2072-3-23,2015-07-08,04:34,27.6,86.23,4.1,NSC,Dolakha
2072-3-22,2015-07-07,15:21,28.48,83.13,4.2,NSC/RSC,Baglung
2072-3-22,2015-07-07,09:31,29.69,81.74,4.6,RSC,Bajura
2072-3-21,2015-07-06,15:29,27.96,85.75,4.4,NSC,Sindhupalchok
2072-3-21,2015-07-06,05:03,27.69,86.2,4.3,NSC,Dolakha
2072-3-20,2015-07-05,19:42,27.86,85.87,4.4,NSC,Sindupalchok
2072-3-20,2015-07-05,04:22,27.67,86.2,4.2,NSC,Dolakha
2072-3-19,2015-07-04,20:04,27.73,85,4.6,NSC,Dhading
2072-3-17,2015-07-02,01:56,27.97,85.62,5,NSC,Sindhupalchowk
2072-3-17,2015-07-02,23:41,27.67,85.54,4.1,NSC,Kavre
2072-3-16,2015-07-01,09:39,28.06,85.14,4,NSC,Nuwakot
2072-3-16,2015-07-01,03:27,27.71,86.12,4,NSC,Dolakha
2072-3-16,2015-07-01,21:48,27.8,85.74,4,NSC,Sindhupalchowk
2072-3-15,2015-06-30,21:46,27.55,85.79,4.4,NSC,Kavre
2072-3-14,2015-06-29,17:49,27.93,85.64,4,NSC,Sindhupalchowk
2072-3-14,2015-06-29,17:42,27.92,85.68,4.1,NSC,Sindhupalchowk
2072-3-14,2015-06-29,23:57,27.35,86.2,5,NSC,Ramechhap
2072-3-13,2015-06-28,16:16,27.92,85.66,4.3,NSC,Sindhupalchok
2072-3-11,2015-06-26,12:17,27.74,86.28,4.2,NSC,Dolakha
2072-3-11,2015-06-26,09:00,27.58,85.39,4.1,NSC,Lalitpur
2072-3-10,2015-06-25,15:22,27.78,85.17,4.3,NSC,Nuwakot
2072-3-10,2015-06-25,18:04,27.66,86.21,4.1,NSC,Dolakha
2072-3-10,2015-06-25,18:06,27.94,85.49,4.2,NSC,Sindhupalchok
2072-3-9,2015-06-24,09:14,27.85,85.75,4,NSC,Sindhupalchowk
2072-3-7,2015-06-22,07:34,27.67,86.17,4,NSC,Dolakha
2072-3-6,2015-06-21,13:41,27.8,86,4.3,NSC,Sindupalchok
2072-3-5,2015-06-20,12:23,28.65,82.76,5.4,NSC,Rukum
2072-3-5,2015-06-20,20:55,28.17,84.94,4.2,NSC,Gorkha
2072-3-4,2015-06-19,20:05,28.26,84.92,4,NSC,Gorkha
2072-3-3,2015-06-18,02:39,28.14,85.11,4.1,NSC,Dhading
2072-3-2,2015-06-17,02:15,28.27,85.94,5.1,NSC,Tibet
2072-3-2,2015-06-17,00:41,27.9,85.58,4,NSC,Sindhupalchok
2072-3-2,2015-06-17,00:29,27.91,85.59,5.2,NSC,Sindhupalchok
2072-3-2,2015-06-17,00:13,27.68,85.28,4.4,NSC,Kathmandu
2072-3-1,2015-06-16,16:11,27.7,86.16,4.1,NSC,Dolakha
2072-2-32,2015-06-15,10:07,27.87,85.72,4.1,NSC,Sindhupalchowk
2072-2-31,2015-06-14,00:14,27.8,85.15,4.2,NSC,Nuwakot
2072-2-31,2015-06-14,09:16,27.74,86.26,4.1,NSC,Dolakha
2072-2-30,2015-06-13,01:18,27.73,86.16,5.2,NSC,Dolakha
2072-2-29,2015-06-12,04:34,27.67,86.09,4.4,NSC,Dolakha
2072-2-29,2015-06-12,19:37,28.21,84.81,4.6,NSC,Gorkha
2072-2-28,2015-06-11,18:41,27.67,86.07,4,NSC,Dolakha
2072-2-28,2015-06-11,04:17,27.8,85.78,4.6,NSC,Sindhupalchowk
2072-2-28,2015-06-11,16:12,27.96,85.73,5.3,NSC,Sindhupalchowk
2072-2-27,2015-06-10,09:06,27.62,86.1,4.2,NSC,Dolakha
2072-2-27,2015-06-10,07:51,27.8,85.61,4.3,NSC,Sindhupalchowk
2072-2-27,2015-06-10,21:05,27.87,85.81,4.1,NSC,Sindhupalchowk
2072-2-24,2015-06-07,16:50,27.87,86.13,4.1,NSC,Dolakha
2072-2-24,2015-06-07,05:17,27.9,85.64,4.6,NSC,Sindhupalchowk
2072-2-23,2015-06-06,20:48,28.26,85.86,4.2,NSC,Tibet
2072-2-23,2015-06-06,17:00,27.58,86.18,4,NSC,Dolakha
2072-2-22,2015-06-05,08:31,27.7,85.22,4,NSC,Kathmandu
2072-2-22,2015-06-05,04:17,27.79,85.78,4.1,NSC,Sindhupalchowk
2072-2-21,2015-06-04,10:30,27.76,86.2,4,NSC,Dolakha
2072-2-20,2015-06-03,21:00,27.84,85.78,4.1,NSC,Sindhupalchowk
2072-2-20,2015-06-03,07:52,27.79,85.87,4.5,NSC,Sindhupalchowk
2072-2-20,2015-06-03,08:54,27.76,86.07,4.2,NSC,Dolakha
2072-2-20,2015-06-03,11:53,27.7,86.26,4.5,NSC,Dolakha
2072-2-19,2015-06-02,20:33,30,81.75,4.7,NSC/RSC,Humla
2072-2-19,2015-06-02,05:03,27.78,86.2,4,NSC,Dolakha
2072-2-18,2015-06-01,22:50,27.98,85.51,4,NSC,Sindhupalchowk
2072-2-17,2015-05-31,13:54,28.29,84.46,4.2,NSC,Lamjung
2072-2-16,2015-05-30,01:52,27.75,85.21,4,NSC,Dhading
2072-2-16,2015-05-30,20:35,28.01,85.19,4,NSC,Rasuwa
2072-2-16,2015-05-30,22:13,27.79,85.17,4.5,NSC,Nuwakot
2072-2-15,2015-05-29,15:44,28,84.98,5.2,NSC,Dhading
2072-2-15,2015-05-29,12:30,28.01,84.84,4.8,NSC,Dhading
2072-2-15,2015-05-29,08:30,28.17,84.72,4,NSC,Gorkha
2072-2-15,2015-05-29,05:20,28.07,84.94,4.2,NSC,Dhading
2072-2-15,2015-05-29,00:37,27.82,86.34,4.2,NSC,Dolakha
2072-2-14,2015-05-28,03:07,27.99,84.79,4,NSC,Dhading
2072-2-14,2015-05-28,03:40,27.95,84.8,4,NSC,Dhading
2072-2-14,2015-05-28,05:12,27.64,85.31,4,NSC,Kathmandu
2072-2-14,2015-05-28,05:29,27.77,86.25,4.2,NSC,Dolakha
2072-2-14,2015-05-28,11:36,27.59,86.19,4.2,NSC,Dolakha
2072-2-14,2015-05-28,12:14,27.59,86.16,4.1,NSC,Dolakha
2072-2-14,2015-05-28,22:16,27.94,85.54,4,NSC,Sindhupalchowk
2072-2-13,2015-05-27,12:03,27.59,86.2,4.2,NSC,Dolakha
2072-2-13,2015-05-27,13:15,27.91,85.53,4.5,NSC,Sindhupalchowk
2072-2-13,2015-05-27,13:16,27.89,85.53,4.6,NSC,Sindhupalchowk
2072-2-13,2015-05-27,22:29,28.04,85.13,4.2,NSC,Nuwakot
2072-2-12,2015-05-26,22:52,28.02,85.26,5,NSC,Rasuwa
2072-2-12,2015-05-26,20:00,27.54,85.43,4.3,NSC,Lalitpur
2072-2-12,2015-05-26,18:39,27.71,86.05,4.1,NSC,Dolakha
2072-2-12,2015-05-26,17:48,27.63,86.3,4.1,NSC,Dolakha
2072-2-12,2015-05-26,14:11,27.84,86.24,4.3,NSC,Dolakha
2072-2-11,2015-05-25,03:23,28.01,84.68,5,NSC,Gorkha
2072-2-11,2015-05-25,11:00,27.71,86.07,4.1,NSC,Dolakha
2072-2-11,2015-05-25,22:16,27.74,86.19,4.4,NSC,Dolakha
2072-2-10,2015-05-24,23:15,27.76,86.26,4.3,NSC,Dolakha
2072-2-10,2015-05-24,12:55,27.8,86.29,4.4,NSC,Dolakha
2072-2-10,2015-05-24,11:46,27.84,86,4.2,NSC,Sindhupalchowk
2072-2-10,2015-05-24,10:38,27.76,86.28,4.4,NSC,Dolakha
2072-2-10,2015-05-24,07:06,27.67,86.18,4.2,NSC,Dolakha
2072-2-9,2015-05-23,13:14,27.74,86.2,4.2,NSC,Dolakha
2072-2-9,2015-05-23,22:26,27.9,85.51,4.4,NSC,Sindhupalchok
2072-2-8,2015-05-22,19:07,30.31,81.47,4.8,NSC,Humla
2072-2-8,2015-05-22,20:44,27.69,86.16,4.1,NSC,Dolakha
2072-2-8,2015-05-22,18:49,27.78,85.93,4,NSC,Sindhupalchowk
2072-2-8,2015-05-22,17:30,27.63,86.25,4.1,NSC,Dolakha
2072-2-8,2015-05-22,16:44,28.05,85.08,4.8,NSC,Nuwakot
2072-2-8,2015-05-22,14:45,27.79,85.14,4.2,NSC,Nuwakot
2072-2-7,2015-05-21,14:11,27.85,86.32,4.2,NSC,Dolakha
2072-2-7,2015-05-21,14:56,27.93,85.46,4,NSC,Nuwakot
2072-2-7,2015-05-21,19:30,28.02,84.98,4,NSC,Dhading
2072-2-6,2015-05-20,14:47,27.52,85.26,4.4,NSC,Lalitput
2072-2-6,2015-05-20,11:10,27.84,86.33,4.2,NSC,Dolakha
2072-2-5,2015-05-19,16:44,27.92,86.04,4.2,NSC,Sindhupalchowk
2072-2-5,2015-05-19,11:29,27.9,85.99,4,NSC,Sindhupalchowk
2072-2-5,2015-05-19,04:34,27.66,86.03,4.3,NSC,Dolakha
2072-2-4,2015-05-18,09:11,27.71,86.07,4.2,NSC,Dolakha
2072-2-4,2015-05-18,18:27,28.11,84.88,4.1,NSC,Dhading
2072-2-4,2015-05-18,11:24,27.69,86.26,4,NSC,Dolakha
2072-2-3,2015-05-17,20:40,27.84,86.24,4.4,NSC,Dolakha
2072-2-3,2015-05-17,11:30,27.48,85.87,4.6,NSC,Ramechhap
2072-2-3,2015-05-17,05:00,27.73,86.06,4.4,NSC,Dolakha
2072-2-2,2015-05-16,02:15,28.07,84.7,4,NSC,Gorkha
2072-2-2,2015-05-16,04:28,27.65,86.12,4.1,NSC,Dolakha
2072-2-2,2015-05-16,04:38,27.66,86.09,4.1,NSC,Dolakha
2072-2-2,2015-05-16,06:11,27.97,85.48,4,NSC,Nuwakot
2072-2-2,2015-05-16,06:31,28.13,84.89,4,NSC,Gorkha
2072-2-2,2015-05-16,09:24,27.7,85.85,4.2,NSC,Sindhupalchowk
2072-2-2,2015-05-16,09:35,27.45,85.31,4.2,NSC,Lalitpur
2072-2-2,2015-05-16,17:19,27.6,86.26,5.5,NSC,Dolakha
2072-2-2,2015-05-16,20:44,27.64,86.14,4.3,NSC,Dolakha
2072-2-1,2015-05-15,03:38,27.63,86.25,4.1,NSC,Dolakha
2072-2-1,2015-05-15,04:06,27.69,86.08,4.3,NSC,Dolakha
2072-2-1,2015-05-15,07:27,27.93,84.84,5.5,NSC,Dhading
2072-2-1,2015-05-15,10:51,27.92,84.84,4,NSC,Dhading
2072-2-1,2015-05-15,15:09,27.61,86.2,4.5,NSC,Dolakha
2072-2-1,2015-05-15,22:58,27.74,86.17,4,NSC,Dolakha
2072-1-31,2015-05-14,00:16,27.92,86.31,4.3,NSC,Dolakha
2072-1-31,2015-05-14,03:13,27.66,86.07,4.1,NSC,Dolakha
2072-1-31,2015-05-14,03:23,27.67,86.08,5,NSC,Dolakha
2072-1-31,2015-05-14,08:52,27.8,85.82,4,NSC,Sindupalchok
2072-1-31,2015-05-14,09:06,27.83,86.15,4.5,NSC,Dolakha
2072-1-31,2015-05-14,15:20,27.62,86.09,4.2,NSC,Dolakha
2072-1-31,2015-05-14,19:43,27.75,86.14,4,NSC,Dolakha
2072-1-31,2015-05-14,20:21,28.06,85.35,4.5,NSC,Rasuwa
2072-1-31,2015-05-14,20:50,27.71,86.04,4,NSC,Dolakha
2072-1-31,2015-05-14,21:40,27.84,85.84,4,NSC,Sindhupalchowk
2072-1-30,2015-05-13,12:11,27.69,86.11,4.7,NSC,Sindhupalchok
2072-1-30,2015-05-13,10:33,27.79,86.19,4.6,NSC,Dolakha
2072-1-30,2015-05-13,08:28,27.75,86.25,4.4,NSC,Dolakha
2072-1-30,2015-05-13,08:08,27.65,86.18,4.4,NSC,Dolakha
2072-1-30,2015-05-13,04:38,27.82,86.47,4.3,NSC,Dolakha
2072-1-30,2015-05-13,03:10,27.91,84.82,5.9,NSC,Dhading
2072-1-30,2015-05-13,02:07,27.68,85.3,4.2,NSC,Kathmandu
2072-1-30,2015-05-13,12:22,27.79,86.07,4.8,NSC,Dolakha
2072-1-30,2015-05-13,12:34,27.84,86.25,4.6,NSC,Dolakha
2072-1-30,2015-05-13,21:36,27.7,86.15,4.1,NSC,Dolakha
2072-1-30,2015-05-13,21:21,27.64,85.7,4,NSC,Kavrepalanchok
2072-1-30,2015-05-13,16:44,27.63,86.17,4.5,NSC,Dolakha
2072-1-30,2015-05-13,03:42,27.85,85.92,4.2,NSC,Sindhupalchok
2072-1-30,2015-05-13,15:37,27.85,86.29,4,NSC,Dolakha
2072-1-30,2015-05-13,14:30,27.6,86.16,4.3,NSC,Dolakha
2072-1-30,2015-05-13,12:38,27.68,86.17,5.1,NSC,Dolakha
2072-1-29,2015-05-12,13:51,27.8,85.94,5.1,NSC,Sindhupalchok
2072-1-29,2015-05-12,14:06,27.66,86.17,5.2,NSC,Dolakha
2072-1-29,2015-05-12,14:09,27.79,86.11,5,NSC,Dolakha
2072-1-29,2015-05-12,14:19,27.88,85.94,4.8,NSC,Sindhupalchok
2072-1-29,2015-05-12,14:20,27.68,86.23,4.7,NSC,Dolakha
2072-1-29,2015-05-12,14:24,27.69,86.21,4.7,NSC,Dolakha
2072-1-29,2015-05-12,14:47,27.8,86.12,4.7,NSC,Dolakha
2072-1-29,2015-05-12,13:46,27.68,86.04,4.3,NSC,Dolakha
2072-1-29,2015-05-12,13:33,27.63,86.17,4.8,NSC,Dolakha
2072-1-29,2015-05-12,13:28,27.69,86.24,5,NSC,Dolakha
2072-1-29,2015-05-12,13:02,27.84,86.17,5.8,NSC,Dolakha
2072-1-29,2015-05-12,14:44,27.76,86.31,5.3,NSC,Dolakha
2072-1-29,2015-05-12,13:58,27.8,85.83,5.3,NSC,Sindhupalchok
2072-1-29,2015-05-12,13:21,27.73,86.21,6.2,NSC/RSC,Dolakha
2072-1-29,2015-05-12,12:50,27.82,86.12,6.8,NSC/RSC,Dolakha
2072-1-29,2015-05-12,02:08,28.16,84.9,4.1,NSC,Gorkha
2072-1-29,2015-05-12,00:07,28.1,84.91,4,NSC,Dhading
2072-1-29,2015-05-12,15:14,27.7,86.01,4.2,NSC,Dolakha
2072-1-29,2015-05-12,15:29,27.8,85.95,4.2,NSC,Sindhupalchok
2072-1-29,2015-05-12,23:13,27.58,86.41,4.3,NSC,Ramechhap
2072-1-29,2015-05-12,22:17,27.68,86.04,4.2,NSC,Dolakha
2072-1-29,2015-05-12,18:47,27.89,85.88,4.4,NSC,Sindhupalchok
2072-1-29,2015-05-12,21:13,27.97,86.45,4.8,NSC,Tibet
2072-1-29,2015-05-12,20:44,28.03,86.36,4.1,NSC,Tibet
2072-1-29,2015-05-12,19:42,27.84,86.23,4.4,NSC,Dolakha
2072-1-29,2015-05-12,19:28,27.78,85.85,4.3,NSC,Sindhupalchok
2072-1-29,2015-05-12,18:13,27.7,86.04,4.7,NSC,Dolakha
2072-1-29,2015-05-12,17:43,27.71,86,4.3,NSC,Dolakha
2072-1-29,2015-05-12,18:53,27.72,85.97,4,NSC,Dolakha
2072-1-29,2015-05-12,17:06,27.72,86.2,4.6,NSC,Dolakha
2072-1-29,2015-05-12,16:51,27.62,86.16,4.7,NSC,Dolakha
2072-1-29,2015-05-12,16:26,27.76,86.24,4.4,NSC,Dolakha
2072-1-29,2015-05-12,16:20,27.73,86.11,5,NSC,Dolakha
2072-1-29,2015-05-12,16:16,27.69,86.05,4.2,NSC,Dolakha
2072-1-29,2015-05-12,16:00,27.57,86.29,4.8,NSC,Ramechhap
2072-1-29,2015-05-12,15:49,27.68,86.03,4.4,NSC,Dolakha
2072-1-28,2015-05-11,20:35,27.99,85.86,4.2,NSC,Sindhupalchowk
2072-1-28,2015-05-11,23:54,27.91,85.75,4,NSC,Sindhupalchowk
2072-1-27,2015-05-10,15:23,27.65,85.56,4.2,NSC,kavre
2072-1-27,2015-05-10,11:08,28.02,85.25,4,NSC,Rasuwa
2072-1-27,2015-05-10,02:44,26.94,86.67,4,NSC,Udayapur
2072-1-27,2015-05-10,06:34,27.88,86,4.4,NSC,Sindhupalchowk
2072-1-27,2015-05-10,01:50,28.04,85.96,4.2,NSC,Tibet
2072-1-26,2015-05-09,03:08,28.04,85.2,4.1,NSC,Rasuwa
2072-1-25,2015-05-08,02:19,27.94,85.58,4,NSC,Sindhupalchowk
2072-1-25,2015-05-08,06:17,27.69,86.04,5,NSC,Dolakha
2072-1-25,2015-05-08,08:19,27.75,85.91,4.2,NSC,Sindhupalchowk
2072-1-25,2015-05-08,13:32,27.77,85.88,4.8,NSC,Sindhupalchowk
2072-1-25,2015-05-08,15:05,28.01,85.41,4.2,NSC,Nuwakot
2072-1-24,2015-05-07,22:15,27.92,85.46,4,NSC,Nuwakot
2072-1-24,2015-05-07,07:56,27.79,85.16,4,NSC,Nuwakot
2072-1-24,2015-05-07,03:41,27.75,85.19,4.2,NSC,Nuwakot
2072-1-23,2015-05-06,22:19,28.04,85.26,4,NSC,Rasuwa
2072-1-23,2015-05-06,18:02,28.01,84.68,4.2,NSC,Gorkha
2072-1-22,2015-05-05,06:39,28.06,85.05,4,NSC,Dhading
2072-1-22,2015-05-05,16:23,27.74,86.03,4.3,NSC,Dolakha
2072-1-22,2015-05-05,17:00,27.96,86,4.2,NSC,Sindhupalchowk
2072-1-21,2015-05-04,04:59,27.75,85.87,4.2,NSC,Sindhupalchowk
2072-1-21,2015-05-04,07:00,27.69,85.99,4.3,NSC,Dolakha
2072-1-21,2015-05-04,09:54,27.97,85.21,4.2,NSC,Nuwakot
2072-1-21,2015-05-04,10:33,27.79,85.16,4,NSC,Nuwakot
2072-1-21,2015-05-04,10:36,27.8,85.16,4.1,NSC,Nuwakot
2072-1-21,2015-05-04,14:34,27.79,86.23,4.7,NSC,Dolakha
2072-1-21,2015-05-04,15:40,27.95,85.86,4.4,NSC,Sindhupalchowk
2072-1-21,2015-05-04,13:17,28.12,84.8,4,NSC,Gorkha
2072-1-21,2015-05-04,18:02,27.74,86,4.2,NSC,Dolakha
2072-1-20,2015-05-03,03:29,27.69,85.93,4.5,NSC,Sindhupalchowk
2072-1-20,2015-05-03,22:39,28.05,84.94,4,NSC,Dhading
2072-1-20,2015-05-03,05:47,28.08,85.04,4,NSC,Gorkha
2072-1-20,2015-05-03,08:00,27.98,84.87,4.1,NSC,Dhading
2072-1-20,2015-05-03,10:46,27.94,84.83,4.5,NSC,Dhading
2072-1-20,2015-05-03,17:20,27.8,85.11,4.9,NSC,Nuwakot
2072-1-20,2015-05-03,18:58,27.89,85.73,4,NSC,Sindhupalchowk
2072-1-20,2015-05-03,20:27,28.09,85.72,4.2,NSC,Sindhupalchowk
2072-1-19,2015-05-02,03:55,27.95,85.73,4.2,NSC,Sindhupalchowk
2072-1-19,2015-05-02,05:55,27.74,86.28,4.3,NSC,Dolakha
2072-1-19,2015-05-02,09:32,27.93,85.5,4.2,NSC,Sindhupalchowk
2072-1-19,2015-05-02,11:13,27.72,85.74,4,NSC,Sindhupalchowk
2072-1-19,2015-05-02,11:20,28.24,84.76,5.1,NSC,Gorkha
2072-1-19,2015-05-02,21:01,27.66,86.01,4.1,NSC,Dolakha
2072-1-18,2015-05-01,00:58,27.7,85.98,4.2,NSC,Dolakha
2072-1-18,2015-05-01,02:56,27.68,85.3,4,NSC,Kathmandu
2072-1-18,2015-05-01,10:35,27.75,85.95,4,NSC,Sindhupalchowk
2072-1-18,2015-05-01,11:28,28.04,85.33,4.5,NSC,Rasuwa
2072-1-18,2015-05-01,17:37,27.74,85.99,4,NSC,Dolakha
2072-1-18,2015-05-01,20:27,27.88,85.87,4.2,NSC,Sindhupalchowk
2072-1-18,2015-05-01,23:59,28.04,85.32,4,NSC,Rasuwa
2072-1-17,2015-04-30,06:22,27.93,84.83,4.7,NSC,Dhading
2072-1-17,2015-04-30,08:31,28.05,85.34,4.7,NSC,Rasuwa
2072-1-17,2015-04-30,13:29,27.65,86.09,4.1,NSC,Dolakha
2072-1-17,2015-04-30,23:19,27.92,85.87,4.3,NSC,Sindhupalchowk
2072-1-16,2015-04-29,04:49,27.93,85.63,4,NSC,Sindhupalchowk
2072-1-16,2015-04-29,05:54,27.79,85.14,4.2,NSC,Nuwakot
2072-1-16,2015-04-29,13:17,28.04,85.37,4,NSC,Nuwakot
2072-1-16,2015-04-29,15:24,27.86,84.89,4.5,NSC,Dhading
2072-1-16,2015-04-29,17:12,27.95,85.52,4.5,NSC,Sindhupalchowk
2072-1-16,2015-04-29,23:01,28.19,84.8,4.4,NSC,Gorkha
2072-1-15,2015-04-28,00:44,28.29,84.93,4.8,NSC,Gorkha
2072-1-15,2015-04-28,02:59,27.92,85.51,4.2,NSC,Sindhupalchowk
2072-1-15,2015-04-28,03:12,27.89,85.76,4.2,NSC,Sindhupalchowk
2072-1-15,2015-04-28,04:11,28.1,84.65,4.2,NSC,Gorkha
2072-1-15,2015-04-28,05:05,28.1,85.49,4.9,NSC,Sindhupalchok
2072-1-15,2015-04-28,07:45,27.81,86.09,4.2,NSC,Dolakha
2072-1-15,2015-04-28,08:40,27.76,85.8,4,NSC,Sindhupalchowk
2072-1-15,2015-04-28,12:08,27.96,85.55,4,NSC,Sindhupalchowk
2072-1-15,2015-04-28,15:10,27.83,85.83,4,NSC,Sindhupalchowk
2072-1-15,2015-04-28,16:44,27.78,85.17,4,NSC,Nuwakot
2072-1-15,2015-04-28,17:03,27.88,85.88,4.2,NSC,Sindhupalchowk
2072-1-15,2015-04-28,22:07,28.2,84.78,4,NSC,Gorkha
2072-1-14,2015-04-27,04:27,27.82,85.76,4.4,NSC,Sindhupalchowk
2072-1-14,2015-04-27,04:17,27.57,85.74,4.5,NSC,Kavrepalanchowk
2072-1-14,2015-04-27,04:15,27.56,85.73,4.2,NSC,Kavrepalanchowk
2072-1-14,2015-04-27,03:37,27.75,85.2,4.1,NSC,Kathmandu
2072-1-14,2015-04-27,00:39,28.26,85.1,4.5,NSC,Rasuwa
2072-1-14,2015-04-27,06:24,27.77,85.12,4.7,NSC,Nuwakot
2072-1-14,2015-04-27,08:18,27.67,85.55,4.2,NSC,Kavrepalanchowk
2072-1-14,2015-04-27,09:59,28.24,85.23,4.3,NSC,Rasuwa
2072-1-14,2015-04-27,10:05,27.93,85.86,4,NSC,Sindhupalchowk
2072-1-14,2015-04-27,15:17,27.8,85.12,4,NSC,Nuwakot
2072-1-14,2015-04-27,21:36,27.67,85.29,4.5,NSC,Kathmandu
2072-1-14,2015-04-27,22:39,27.82,85.89,4.2,NSC,Sindhupalchowk
2072-1-14,2015-04-27,23:30,28.19,85.03,4,NSC,Dhading
2072-1-13,2015-04-26,23:51,27.91,85.55,4.2,NSC,Sindhupalchowk
2072-1-13,2015-04-26,22:42,27.83,86.06,4,NSC,Dolakha
2072-1-13,2015-04-26,22:10,27.95,85.87,5.3,NSC,Sindhupalchowk
2072-1-13,2015-04-26,00:14,27.94,85.55,4.1,NSC,Sindhupalchowk
2072-1-13,2015-04-26,06:00,27.67,85.28,4,NSC,Kathmandu
2072-1-13,2015-04-26,05:32,28.05,85.34,4,NSC,Rasuwa
2072-1-13,2015-04-26,05:26,27.67,86.07,4.5,NSC,Dolakha
2072-1-13,2015-04-26,05:25,27.69,85.25,4,NSC,Kathmandu
2072-1-13,2015-04-26,05:01,27.99,85.02,5.5,NSC,Nuwakot
2072-1-13,2015-04-26,02:52,27.82,85.8,4.8,NSC,Sindhupalchowk
2072-1-13,2015-04-26,02:49,27.98,84.99,4,NSC,Gorkha
2072-1-13,2015-04-26,02:17,27.6,85.96,4.8,NSC,Sindhupalchowk
2072-1-13,2015-04-26,02:14,28.24,84.82,4.3,NSC,Gorkha
2072-1-13,2015-04-26,02:08,28.25,85.83,4,NSC,Rasuwa
2072-1-13,2015-04-26,01:56,27.93,85.56,4.4,NSC,Sindhupalchowk
2072-1-13,2015-04-26,01:52,28.14,84.71,4.2,NSC,Gorkha
2072-1-13,2015-04-26,01:49,28.05,85.35,4,NSC,Rasuwa
2072-1-13,2015-04-26,01:29,27.93,85.56,4.1,NSC,Sindhupalchowk
2072-1-13,2015-04-26,00:43,27.71,85.43,4.6,NSC,Kathmandu
2072-1-13,2015-04-26,06:16,27.84,85.12,4,NSC,Nuwakot
2072-1-13,2015-04-26,08:43,28.32,84.73,4.5,NSC,Gorkha
2072-1-13,2015-04-26,08:55,27.8,85.16,5.1,NSC,Nuwakot
2072-1-13,2015-04-26,22:08,27.67,85.3,4,NSC,Kathmandu
2072-1-13,2015-04-26,21:47,27.65,85.97,4,NSC,Dolakha
2072-1-13,2015-04-26,20:42,28.31,84.97,4.5,NSC,Gorkha
2072-1-13,2015-04-26,20:29,27.72,85.97,4.5,NSC,Sindhupalchowk
2072-1-13,2015-04-26,20:17,27.79,85.15,4,NSC,Nuwakot
2072-1-13,2015-04-26,19:08,27.68,85.95,4,NSC,Dolakha
2072-1-13,2015-04-26,18:56,27.89,85.6,5,NSC,Sindhupalchowk
2072-1-13,2015-04-26,15:27,27.77,85.91,4.5,NSC,Sindhupalchowk
2072-1-13,2015-04-26,14:31,27.97,85.81,4.5,NSC,Sindhupalchowk
2072-1-13,2015-04-26,09:06,27.64,85.63,5,NSC,Kavre
2072-1-13,2015-04-26,10:35,28.04,85.5,4.5,NSC,Sindhupalchowk
2072-1-13,2015-04-26,10:43,28.26,85.02,4.8,NSC,Gorkha
2072-1-13,2015-04-26,12:54,27.84,86.05,6.9,NSC,Dolakha
2072-1-13,2015-04-26,13:12,27.75,85.94,5.3,NSC,Sindhupalchowk
2072-1-13,2015-04-26,13:22,27.94,86.05,5,NSC,Tibet
2072-1-13,2015-04-26,14:25,27.79,86,4.8,NSC,Sindhupalchowk
2072-1-12,2015-04-25,09:30,28,85.6,5.5,NSC/RSC,Sindhupalchowk
2072-1-12,2015-04-25,15:28,28.29,85.16,4.6,NSC/RSC,Rasuwa
2072-1-12,2015-04-25,16:08,27.87,85.8,4.1,NSC/RSC,Sindhupalchowk
2072-1-12,2015-04-25,10:40,27.86,85.85,4,NSC/RSC,Sindhupalchowk
2072-1-12,2015-04-25,11:05,27.91,85.5,4.6,NSC/RSC,Sindhupalchowk
2072-1-12,2015-04-25,11:41,28.14,85.28,4.1,NSC/RSC,Rasuwa
2072-1-12,2015-04-25,12:17,28,85.4,4.9,NSC/RSC,Nuwakot
2072-1-12,2015-04-25,12:44,28.16,84.71,5.5,NSC/RSC,Gorkha
2072-1-12,2015-04-25,09:03,27.91,85.33,5.3,NSC/RSC,Nuwakot
2072-1-12,2015-04-25,08:55,27.65,85.63,5.7,NSC/RSC,Kabre
2072-1-12,2015-04-25,08:29,28.18,84.95,5.2,NSC/RSC,Gorkha
2072-1-12,2015-04-25,09:43,28.29,85.16,4.6,NSC,Rasuwa
2072-1-12,2015-04-25,10:23,27.87,85.8,4.1,NSC,Sindhupalchowk
2072-1-12,2015-04-25,06:11,28.24,84.75,7.6,NSC/RSC,Gorkha
2072-1-12,2015-04-25,06:45,28.28,84.72,6.6,NSC/RSC,Gorkha
2072-1-12,2015-04-25,06:56,28.13,85.65,5.7,NSC/RSC,Rasuwa
2072-1-12,2015-04-25,07:08,28.2,85.75,5.3,NSC/RSC,Rasuwa
2072-1-12,2015-04-25,08:17,27.78,85.84,5.2,NSC/RSC,Sindhupalchowk
2072-1-12,2015-04-25,08:20,27.9,84.86,5.1,NSC/RSC,Dhading
2072-1-12,2015-04-25,13:30,28.1,85.2,4.7,NSC/RSC,Rasuwa
2072-1-12,2015-04-25,13:53,27.79,85.16,4.1,NSC/RSC,Nuwakot
2072-1-12,2015-04-25,23:25,27.78,85.17,4,NSC,Nuwakot
2072-1-12,2015-04-25,23:40,28.1,85.27,4,NSC,Rasuwa
2072-1-12,2015-04-25,23:46,27.78,85.98,4.1,NSC,Sindhupalchowk
2072-1-12,2015-04-25,06:38,28.41,85.8,5.5,NSC,Tibet
2072-1-12,2015-04-25,07:47,27.99,85.71,5.1,NSC,Tibet
2072-1-12,2015-04-25,23:27,28.34,85.91,5.6,NSC,Tibet
2072-1-12,2015-04-25,12:39,27.82,86.05,4.5,NSC,Dolakha
2072-1-12,2015-04-25,20:21,27.6,86.09,4.5,NSC,Dolakha
2072-1-12,2015-04-25,23:24,27.9,85.53,4,NSC,Sindhupalchowk
2072-1-12,2015-04-25,23:19,27.77,85.83,4.1,NSC,Sindhupalchowk
2072-1-12,2015-04-25,19:47,27.68,85.32,4.1,NSC,Kathmandu
2072-1-12,2015-04-25,19:21,27.69,86.02,4.9,NSC,Dolakha
2072-1-12,2015-04-25,19:55,27.73,85.9,4.7,NSC,Sindhupalchowk
2072-1-12,2015-04-25,20:08,28.05,85.25,4.1,NSC,Rasuwa
2072-1-12,2015-04-25,20:25,27.73,85.9,5,NSC,Sindhupalchowk
2072-1-12,2015-04-25,20:36,28.14,85.16,4.4,NSC,Rasuwa
2072-1-12,2015-04-25,21:02,27.95,85.56,4.2,NSC,Sindhupalchowk
2072-1-12,2015-04-25,22:12,27.92,85.64,5.3,NSC,Sindhupalchowk
2072-1-12,2015-04-25,22:31,27.8,85.29,4,NSC,Nuwakot
2072-1-10,2015-04-23,01:57,28.4,83.99,4.1,NSC,Kaski
2072-1-9,2015-04-22,07:14,28.8,81.92,4.5,NSC,Jajarkot
2072-1-8,2015-04-21,19:52,28.85,82.18,5.1,NSC,Jajarkot
2071-11-2,2015-02-14,22:51,27.42,87.01,4.5,NSC,Bhojpur
2071-10-17,2015-01-31,19:44,28.29,83.73,5.5,NSC,Kaski
2071-10-8,2015-01-22,09:27,29.36,81.03,4.4,RSC,Doti
2071-9-22,2015-01-06,01:26,29.07,81.51,4.5,NSC,Dailekh
2071-9-3,2014-12-18,15:32,27.73,86.52,5.9,NSC,Solukhumbu
2071-8-9,2014-11-25,15:49,28.25,84.94,4.5,NSC,Gorkha
2071-6-1,2014-09-17,10:29,27.76,88.05,4.5,NSC,Taplejung
2071-4-18,2014-08-03,05:57,29.45,85.64,5.9,N?A,Tibet
2071-3-23,2014-07-07,16:37,29.73,80.93,4.2,NSC,Bajhang-Darchula border
2071-3-20,2014-07-04,05:58,27.83,87.91,4.6,NSC,Taplejung
2071-2-11,2014-05-25,02:46,28.23,84.09,4.1,NSC,Kaski
2071-2-6,2014-05-20,18:36,28.32,84.73,4.3,NSC,Gorkha
2071-1-10,2014-04-23,07:14,27.3,87.62,4,NSC,Taplejung
2070-12-28,2014-04-11,17:22,29.29,81.26,4.2,NSC,Achham
2070-12-17,2014-03-31,07:51,30.11,81.93,4.4,NSC,Humla
2070-7-17,2013-11-03,06:47,29.56,81.68,4.3,NSC,Bajura
2070-7-11,2013-10-28,01:37,27.36,87.37,4.3,NSC,Sankhuwasava
2070-6-27,2013-10-13,21:43,30.08,81.74,4.5,NSC,Humla
2070-6-17,2013-10-03,06:12,27.14,88.51,5.7,,Sikkim
2070-6-6,2013-09-22,14:35,30.25,81.55,4.4,NSC,Humla
2070-5-27,2013-09-12,04:29,26.96,87.34,4.5,NSC,Dhankuta
2070-5-14,2013-08-30,17:48,28.43,86.03,6,,Tibet
2070-3-14,2013-06-28,11:40,28.76,82.4,5.5,NSC/RSC,Rukum
2070-3-13,2013-06-27,06:20,30.05,80.8,4.4,NSC/RSC,Darchula
2070-3-12,2013-06-26,22:22,26.85,85.96,4.4,NSC/RSC,Dhanusha
2070-2-26,2013-06-09,16:11,27.31,86.7,4.2,NSC,Northern Khotang
2070-2-17,2013-05-31,06:04,29.74,81.6,4.5,NSC/RSC,Northern Bajura
2070-2-12,2013-05-26,17:38,27.72,85.91,4.2,NSC,Sindhupalchok
2070-1-31,2013-05-14,09:59,29.65,81.98,4.5,NSC/RSC,Western Mugu
2070-1-31,2013-05-14,03:13,29.56,82,4.3,NSC,Mugu
2070-1-31,2013-05-14,03:18,29.68,82,4.4,NSC,Mugu
2070-1-15,2013-04-28,18:28,29.87,81.26,4.9,NSC,Northern Bajhang
2069-12-4,2013-03-17,11:59,26.74,86.08,4.2,NSC,Dhanusha
2069-11-23,2013-03-06,16:49,28.57,82.27,5.4,NSC,Rukum
2069-11-11,2013-02-22,02:41,28.39,83.18,4.1,NSC,Baglung
2069-10-25,2013-02-07,01:08,29.42,81.05,4,NSC,Bajhang
2069-10-5,2013-01-18,20:59,29.48,81.26,4.5,NSC,Bajhang
2069-9-29,2013-01-13,17:35,26.84,86.22,4,NSC,Siraha
2069-9-25,2013-01-09,07:44,29.82,81.7,5.5,NSC/RSC,Northern part of Bajura
2069-9-18,2013-01-02,17:42,29.41,81,4.7,NSC/RSC,Bajhang and Doti border
2069-9-7,2012-12-22,06:05,28.27,82.84,4.5,NSC,Rolpa and Pyuthan border
2069-8-19,2012-12-04,03:01,28.88,82.34,4,NSC,North East Jajarkot
2069-7-27,2012-11-12,12:42,29.55,81.31,4.5,NSC,Bajhang
2069-7-26,2012-11-11,18:39,29.51,81.13,5.6,NSC/RSC,Southern Bajhang
2069-7-6,2012-10-22,06:56,27.95,87.86,4.5,NSC,Around Kanchanjunga
2069-6-1,2012-09-17,09:45,28.59,82.41,4.4,NSC/RSC,Southern Rukum
2069-5-14,2012-08-30,14:11,28.61,82.43,4.5,NSC/RSC,Southern Rukum
2069-5-13,2012-08-29,19:54,28.4,82.79,4.3,NSC/RSC,Northern Rolpa
2069-5-12,2012-08-28,08:31,28.73,81.81,4.4,NSC/RSC,Southeastern Dailekh 
2069-5-8,2012-08-24,03:55,28.42,82.75,5.2,NSC/RSC,Rolpa-Rukum border region
2069-5-8,2012-08-24,00:17,28.38,82.66,4.4,NSC/RSC,Rolpa
2069-5-7,2012-08-23,16:42,28.39,82.73,4.4,NSC/RSC,Rolpa
2069-5-7,2012-08-23,16:30,28.38,82.84,5.6,NSC/RSC,Rolpa - Rukum border region
2069-4-22,2012-08-06,01:53,27.77,88.13,4.2,NSC,Northern Taplejung
2069-4-16,2012-07-31,11:58,28.53,82.42,4.8,NSC/RSC,Southern Rukum
2069-4-16,2012-07-31,11:50,28.58,82.48,5,NSC/RSC,Southern Rukum
2069-4-16,2012-07-31,12:05,28.55,82.37,4.2,NSC/RSC,Southern Rukum
2069-4-13,2012-07-28,05:48,30.12,80.54,5,NSC/RSC,India (close to Darchula)
2069-3-27,2012-07-11,17:23,29.43,81.03,4.9,NSC,Southern Bajhang
2069-3-17,2012-07-01,07:54,27.27,88.05,4,NSC,Panchthar - Sikkim border
2069-3-1,2012-06-15,16:15,28.99,81.58,4.2,NSC,Dailekh
2069-2-29,2012-06-11,04:35,27.25,88,4.5,NSC,Panchthar - Sikkim border
2069-2-27,2012-06-09,07:54,28.32,84.17,5.1,NSC,Kaski
2069-2-17,2012-05-30,09:34,27.31,87.88,4.2,NSC,Taplejung
2069-1-5,2012-04-17,23:13,28.5,82.06,4.2,NSC/RSC,Salyan
2068-12-29,2012-04-11,02:52,29.55,81.24,4.3,NSC/RSC,Bajhang
2068-12-14,2012-03-27,23:40,26.12,87.87,5.2,NSC,Jhapa-India Border Region
2068-12-6,2012-03-19,20:36,28.7,82.02,4.7,,Karkigaun-Jajarkot
2068-11-14,2012-02-26,23:08,29.86,81.05,4.9,NSC,Bajhang-Darchula border
2068-11-14,2012-02-26,22:56,29.71,81.02,4.4,NSC,Bajhang-Darchula border
2068-11-2,2012-02-14,13:48,27.33,88.03,4.4,NSC,Taplejung
2068-11-2,2012-02-14,13:41,27.38,88.11,4.5,NSC,Taplejung-Sikkim Border
2068-10-22,2012-02-05,20:06,27.25,88.07,4,,Panchthar
2068-10-10,2012-01-24,04:07,26.84,86.43,4,NSC,Siraha
2068-10-5,2012-01-19,00:46,29.73,81.91,4.6,NSC,Humla
2068-10-4,2012-01-18,11:16,26.63,86.4,4.5,NSC,Siraha
2068-9-27,2012-01-11,08:59,28.89,81.89,4.2,NSC,Dailekh
2068-9-15,2011-12-30,02:10,29.62,81.53,4,NSC,Bajura
2068-9-3,2011-12-18,21:35,27.73,88.16,4.6,NSC,Taplejung
2068-8-28,2011-12-14,20:20,27.72,88.09,4.9,NSC,Taplejung
2068-8-23,2011-12-09,22:57,27.83,88.13,4.2,NSC,Taplejung
2068-8-22,2011-12-08,17:40,27.97,82.86,4,NSC,Pyuthan
2068-8-16,2011-12-02,,28.05,85.34,4.2,NSC,Rasuwa
2068-8-7,2011-11-23,,28.91,81.68,4.2,NSC,Dailekh
2068-8-3,2011-11-19,,27.7,86.1,4.1,NSC,Dolakha
2068-7-27,2011-11-13,,28.2,84.93,5,NSC,Gorkha
2068-7-22,2011-11-08,,27.94,85.55,4.1,NSC,Sindhupalchowk
2068-7-18,2011-11-04,,28.34,83.66,4,NSC,Parbat
2068-6-15,2011-10-02,,29.55,81.68,4.2,NSC,Bajura
2068-6-14,2011-10-01,,30.16,81.81,4.7,NSC,Humla
2068-6-1,2011-09-18,,27.78,88.32,6.8,NSC,Taplejung-Sikkim Border
2068-5-10,2011-08-27,,26.94,86.6,5,NSC,Udayapur
2068-5-8,2011-08-25,,28.15,82.53,4.4,NSC,Rolpa
2068-5-5,2011-08-22,,28.29,83.96,4,NSC,Kaski
2068-5-2,2011-08-19,,29.7,81.34,4.9,NSC,Bajhang
2068-5-1,2011-08-18,,28.21,84.31,4,NSC,Lamjung
2068-4-30,2011-08-15,,27.44,86.27,5,NSC,Ramechhap
2068-4-24,2011-08-09,,29.9,81.31,4.3,NSC,Bajhang
2068-4-17,2011-08-02,,27.35,86.35,4,NSC,Khotang
2068-4-13,2011-07-29,,27.19,86.76,4.2,NSC,Khotang
2068-3-31,2011-07-15,,27.28,87.3,4.5,NSC,Sankhuwasabha
2068-3-4,2011-06-18,,27.83,87.35,4.3,NSC,Sankhuwasabha
2068-3-3,2011-06-17,,30.24,81.48,4.2,NSC,Humla
2068-2-28,2011-06-11,,28.4,82.55,4.1,NSC,Rolpa
2068-2-28,2011-06-11,,28.41,82.66,4.2,NSC,Rolpa
2068-2-20,2011-06-03,,27.6,88.03,5.2,NSC,Taplejung
2067-12-24,2011-04-07,,27.93,85.61,4.1,NSC,Sindhupalchowk
2067-12-22,2011-04-05,,29.74,80.37,4.1,NSC,Darchula
2067-12-21,2011-04-04,,30,80.81,4.1,NSC,Darchula
2067-12-21,2011-04-04,,29.92,80.54,5.7,NSC,Darchula
2067-12-8,2011-03-22,,28.11,82.74,4.2,NSC,Pyuthan
2067-12-8,2011-03-22,,28.35,83.96,4,NSC,Kaski
2067-11-28,2011-03-12,,28.31,83.78,4.4,NSC,Kaski
2067-11-27,2011-03-11,,28.31,83.8,4.3,NSC,Kaski
2067-11-26,2011-03-10,,28.02,85.24,4.3,NSC,Rasuwa
2067-11-10,2011-02-22,,27.57,87.01,4.2,NSC,Sankhuwasabha
2067-11-1,2011-02-13,,27.47,87.01,4.7,NSC,Bhojpur-Sankhuwasabha border
2067-10-4,2011-01-18,,27.8,85.94,4.3,NSC,Sindhupalchowk
2067-10-4,2011-01-18,,30.03,81.97,4.1,NSC,Humla
2067-9-3,2010-12-18,,28.18,84.79,4.1,NSC,Gorkha
2067-8-19,2010-12-05,,29.57,81.699,4.2,NSC,Bajura
2067-8-14,2010-11-30,,26.93,85.79,4.4,NSC,Mahottari
2067-8-9,2010-11-25,,28.38,82.32,4.5,NSC,Salyan
2067-8-9,2010-11-25,,28.44,83.17,4.7,NSC,Baglung
2067-6-31,2010-10-17,,28.64,85.71,5,NSC,Tibet
2067-5-16,2010-09-01,,28.23,84.37,4,NSC,Lamjung
2067-2-30,2010-06-13,,29.6,81.65,4.8,NSC,Bajura
2067-2-30,2010-06-13,,29.4,81.38,4.5,NSC,Bajura
2067-2-30,2010-06-13,,28.01,86.77,4,NSC,Solukhumbu
2067-1-30,2010-05-13,,28.3,84.51,4.2,NSC,Lamjung
2067-1-17,2010-04-30,,27.75,86.36,4,NSC,Dolakha
2067-1-1,2010-04-14,,28.31,83.09,4.2,NSC,Baglung
2066-12-31,2010-04-13,,29.37,81.34,4.5,NSC,Bajura
2066-11-17,2010-03-01,,29.76,83.11,4.3,NSC,Bajura
2066-11-16,2010-02-28,,28.4,81.52,4.1,NSC,Baglung
2066-11-13,2010-02-25,,29.78,81.52,4.6,NSC,Bajhang
2066-11-5,2010-02-17,,26.79,86.08,4.1,NSC,Dhanusa
2066-10-4,2010-01-18,,28.37,83.97,4.1,NSC,Kaski
2066-9-1,2009-12-16,,29.6,81.51,4.6,NSC,Bajura
2066-8-30,2009-12-15,,28.28,84.4,4.1,NSC,Lamjung
2066-8-7,2009-11-22,,29.02,82.15,4.5,NSC,Jajarkot
2066-7-22,2009-11-08,,30.11,81.91,4.3,NSC,Humla
2066-7-16,2009-11-02,,27.87,87.94,4,NSC,Taplejung
2066-7-15,2009-11-01,,30.1,81.81,4.5,NSC,Humla
2066-7-12,2009-10-29,,28.73,83.11,4.1,NSC,Rukum
2066-6-10,2009-09-26,,29.81,82.05,4.3,NSC,Humla
2066-4-18,2009-08-02,,28.12,85.18,4,NSC,Rasuwa
2066-3-28,2009-07-12,,27.71,86.36,4.3,NSC,Dolakha
2066-1-31,2009-05-14,,27.43,87.35,4.2,NSC,Sankhuwasava
2066-1-31,2009-05-14,,27.48,87.36,4.6,NSC,Sankhuwasava
2065-12-31,2009-04-13,,28.25,84.54,4.3,NSC,Lamjung
2065-12-31,2009-04-13,,28.3,84.55,4,NSC,Lamjung
2065-11-29,2009-03-12,,28.43,84.42,4.1,NSC,Lamjung
2065-11-25,2009-03-08,,27.41,87.8,4.5,NSC,Taplejung
2065-10-10,2009-01-23,,29.05,81.4,4.2,NSC,Achham
2065-9-26,2009-01-10,,27.9,88.04,4.2,NSC,Taplejung
2065-9-14,2008-12-29,,30.13,82.03,4,NSC,Humla
2065-9-11,2008-12-26,,30.09,81.9,4.5,NSC,Humla
2065-9-8,2008-12-23,,28.19,84.39,4.4,NSC,Lamjung
2065-9-4,2008-12-19,,30.1,81.91,4.4,NSC,Humla
2065-8-23,2008-12-08,,30.15,81.86,6,NSC,Humla
2065-8-17,2008-12-02,,27.34,87.92,4.1,NSC,Taplejung
2065-8-17,2008-12-02,,27.29,87.92,4.3,NSC,Taplejung
2065-8-17,2008-12-02,,27.3,87.99,4,NSC,Taplejung
2065-8-17,2008-12-02,,27.3,88.03,4,NSC,Taplejung
2065-8-17,2008-12-02,,27.32,87.99,5.4,NSC,Taplejung
2065-8-16,2008-12-01,,28.18,85.29,4.8,NSC,Rasuwa
2065-6-21,2008-10-07,,27.47,87.71,4.5,NSC,Taplejung
2065-5-25,2008-09-10,,28.4,83.01,4.1,NSC,Baglung
2065-4-18,2008-08-02,,28.18,85.29,4.4,NSC,Bajura
2065-3-6,2008-06-20,,27.98,85.73,4.8,NSC,Sindhupalchowk
2065-3-1,2008-06-15,,29.73,80.96,5,NSC,Darchula
2065-2-20,2008-06-02,,27.8,85.91,4.1,NSC,Sindhupalchowk
2065-2-7,2008-05-20,,28.33,83.33,4.3,NSC,Baglung
2065-1-26,2008-05-08,,27.5,87.52,4.2,NSC,Taplejung
2064-12-4,2008-03-17,,29.76,81.53,4.6,NSC,Bajhang-Bajura border
2064-11-19,2008-03-02,,29.69,81.76,4.4,NSC,Humla
2064-11-4,2008-02-16,,26.8,86.25,4.2,NSC,Siraha
2064-11-2,2008-02-14,,27.8,86.53,4.1,NSC,Taplejung
2064-10-1,2008-01-15,,27.37,86.53,4.1,NSC,Okhaldhunga
2064-8-15,2007-12-01,,28.05,85.28,4.1,NSC,Rasuwa
2064-7-19,2007-11-05,,28.2,84.45,4.5,NSC,Lamjung
2064-7-12,2007-10-29,,27.9,85.45,5,NSC,Nuwakot
2064-6-25,2007-10-12,,27.75,86.12,4,NSC,Dolakha
2064-5-21,2007-09-07,,28.05,85.33,4.2,NSC,Rasuwa
2064-5-21,2007-09-07,,27.72,86.26,4.1,NSC,Dolakha
2064-4-26,2007-08-11,,27.28,87.9,5.2,NSC,Taplejung
2064-4-21,2007-08-06,,27.84,85.69,4.1,NSC,Sindhupalchowk
2064-4-18,2007-08-03,,27.24,87.03,4.5,NSC,Bhojpur
2064-4-18,2007-08-03,,27.2,87.04,4.3,NSC,Bhojpur
2064-4-18,2007-08-03,,27.21,87.97,4.4,NSC,Panchthar
2064-4-18,2007-08-03,,27.24,87.02,4,NSC,Bhojpur
2064-4-16,2007-08-01,,29.49,81.91,4.6,NSC,Mugu
2064-4-14,2007-07-30,,27.27,87.02,4.1,NSC,Bhojpur
2064-3-23,2007-07-07,,28.08,85.3,4,NSC,Rasuwa
2064-3-3,2007-06-17,,27.83,84.91,4.3,NSC,Dhading
2064-2-21,2007-06-04,,27.44,83.89,4.2,NSC,Nepal-India Border
2064-2-2,2007-05-16,,27.5,88.08,4.6,NSC,Nepal-India Border
2063-11-26,2007-03-10,,29.47,81.73,4.5,NSC,Bajhang
2063-11-3,2007-02-15,,29.83,81.45,5,NSC,Bajhang
2063-10-23,2007-02-06,,28.36,83.43,4.2,NSC,Myagdi
2063-10-23,2007-02-06,,28.35,83.43,4.1,NSC,Myagdi
2063-10-22,2007-02-05,,30.1,81.05,4.2,NSC,Darchula
2063-7-25,2006-11-11,,27.21,87.63,4.2,NSC,Tehrathum
2063-6-10,2006-09-26,,30.1,80.83,4.5,NSC,Darchula
2063-6-3,2006-09-19,,29.62,81.54,5,NSC,Bajura
2063-6-1,2006-09-17,,26.98,87.8,4.2,NSC,Illam
2063-5-14,2006-08-30,,29.05,83.6,4.3,NSC,Mustang
2063-4-30,2006-08-15,,27.89,85.7,4.3,NSC,Sindhupalchowk
2063-1-22,2006-05-05,,29.43,81.26,4.8,NSC,Bajhang
2062-12-22,2006-04-04,,27.91,85.83,4.6,NSC,Sindhupalchowk
2062-11-7,2006-02-19,,28.24,83.89,4.7,NSC,Baglung
2062-10-21,2006-02-03,,27.18,86.8,5.4,NSC,Khotang
2062-7-20,2005-11-06,,29.61,82.02,5.1,NSC,Mugu
2062-7-14,2005-10-31,,28.65,84.83,4.5,NSC,Gorkha
2062-7-14,2005-10-31,,29.64,82.06,5.1,NSC,Mugu
2062-7-12,2005-10-29,,29.5,81.88,5.1,NSC,Mugu
2062-5-12,2005-08-28,,27.31,87.22,5.3,NSC,Sankhuwasava
2062-4-24,2005-08-08,,27.98,85.51,4.2,NSC,Sindhupalchowk
2062-4-12,2005-07-27,,27.47,68.88,4.3,NSC,Solukhumbu
2062-2-32,2005-06-14,,27.28,87.89,4.5,NSC,Tibet
2062-1-22,2005-05-05,,27.69,87.7,4.1,NSC,Taplejung
2062-1-2,2005-04-15,,27.92,85.71,4.1,NSC,Sindhupalchowk
2061-12-25,2005-04-07,,29.35,81.88,4.2,NSC,Kalikot
2061-12-22,2005-04-04,,28.54,83.31,4.1,NSC,Myagdi
2061-12-22,2005-04-04,,28.56,83.18,4.1,NSC,Myagdi
2061-12-16,2005-03-29,,28.15,84.37,4,NSC,Lamjung
2061-12-16,2005-03-29,,28.04,84.74,4,NSC,Gorkha
2061-12-16,2005-03-29,,28.11,84.77,4.4,NSC,Gorkha
2061-12-16,2005-03-29,,28.14,84.8,4.1,NSC,Gorkha
2061-12-6,2005-03-19,,28.25,84.39,5.4,NSC,Lamjung
2061-11-22,2005-03-05,,28.27,84.39,5,NSC,Lamjung
2061-10-26,2005-02-08,,27.76,86.07,5,NSC,Dolakha
2061-10-3,2005-01-16,,29.81,81.04,4.5,NSC,Bajhang
2061-10-3,2005-01-16,,29.68,81.14,5,NSC,Bajhang
2061-9-12,2004-12-27,,27.76,86.2,4.2,NSC,"Nagpa, Dolakaha"
2061-9-11,2004-12-26,,29.9,81.63,4.3,NSC,"Sain, Bajura"
2061-8-2,2004-11-17,,28.26,84.67,4.1,NSC,"Kharibot, Lamjung"
2061-7-24,2004-11-09,,28.77,82.95,4.4,NSC,RahalGaun/Rukum 
2061-6-19,2004-10-05,,26.83,86.55,4.1,NSC,"Simle, Udayapur"
2061-5-27,2004-09-12,,29.51,81.84,4.4,NSC,"Shirkot, Mugu"
2061-5-17,2004-09-02,,27.87,85.93,4.2,NSC,"Listikot, Sindhupalchowk"
2061-5-6,2004-08-22,,28.03,85.24,4.1,NSC,"Kaseri, Rasuwa"
2061-4-5,2004-07-20,,27.96,85.88,4.5,NSC,"Listikot, Sindhupalchok"
2061-4-1,2004-07-16,,28.32,84.06,4.6,NSC,"Ghalegaun, Kaski"
2061-2-16,2004-05-29,,28.59,82.98,4.3,NSC,"Niseldhar, Baglung"
2061-2-16,2004-05-29,,28.55,82.96,4.9,NSC,"Niseldhar, Baglung"
2061-2-16,2004-05-29,,28.58,89.97,4.3,NSC,"Niseldhar, Baglung"
2060-12-18,2004-03-31,,27.18,87.63,4.6,NSC,"Isabun,Terathum"
2060-12-4,2004-03-17,,27.67,87.82,4.1,NSC,"Amjilesa, Taplejung"
2060-11-6,2004-02-18,,27.61,87.8,4.7,NSC,"Amjilesa, Taplejung"
2060-11-2,2004-02-14,,29.67,80.88,4.3,NSC,"Brahmajali, Bhajhang"
2060-10-19,2004-02-02,,29.32,81.53,4.1,NSC,"Tolideval, Bajura"
2060-9-23,2004-01-07,,28.07,85,4,NSC,"Darkha, Dhading"
2060-9-19,2004-01-03,,27.76,86.07,4.5,NSC,"Listikot, Sindhupalchok"
2060-9-19,2004-01-03,,27.87,86.06,5.5,,"Listikot, Sindhupalchok"
2060-9-4,2003-12-19,,27.06,87.97,4.2,NSC,Illam
2060-8-25,2003-12-11,,29.85,80.54,4.1,NSC,Darchula
2060-8-19,2003-12-05,,28.4,83.93,4,NSC,Kaski
2060-8-7,2003-11-23,,28.3,83.88,4.4,NSC,Kaski
2060-8-7,2003-11-23,,28.41,83.97,3.6,NSC,Kaski
2060-8-7,2003-11-23,,28.45,83.94,4.5,NSC,Kaski
2060-8-6,2003-11-22,,28.47,83.91,5,NSC,Kaski
2060-7-19,2003-11-05,,27.78,86.16,4.1,NSC,Dolakha
2060-7-12,2003-10-29,,27.26,86.69,4,NSC,Khotang
2060-6-12,2003-09-29,,27.52,87.86,4.6,NSC,Taplejung
2060-6-7,2003-09-24,,28.99,81.96,4.3,NSC,Dailekh
2060-4-20,2003-08-05,,27.99,86.03,4.2,NSC,Sidhupalchowk
2060-4-17,2003-08-02,,29.51,82.1,4.4,NSC,Mugu
2060-4-12,2003-07-28,,28.75,82.52,4.5,,Rukum
2060-3-9,2003-06-23,,27.79,87.97,4.8,NSC,Taplejung
2059-12-21,2003-04-04,,30.1,80.39,5,NSC,Pithoragarh
2059-12-15,2003-03-29,,27.46,86.63,4,NSC,Tibet
2059-12-11,2003-03-25,,27.18,89.59,5.7,NSC,Bhutan
2059-11-14,2003-02-26,,28.47,86.01,5,NSC,Tibet
2059-8-4,2002-11-20,,29.61,81.56,4.4,RSC,Bajura
2059-6-25,2002-10-11,,28.28,83.94,4,NSC,Kaski
2059-6-23,2002-10-09,,28.18,83.9,4.1,NSC,Kaski
2059-5-24,2002-09-09,,28.98,28.98,4.1,NSC,Kailali
2059-4-26,2002-08-11,,26.97,86.4,4.1,NSC,Udayapur
2059-3-32,2002-07-16,,27.75,87.36,4.3,NSC,Sankhuwasava
2059-3-18,2002-07-02,,27.17,84.82,4.1,NSC,Parsa
2059-3-6,2002-06-20,,25.63,88.38,5.5,NSC,Bangladesh
2059-2-30,2002-06-13,,28.23,84.86,4,NSC,Dhading
2059-2-24,2002-06-07,,28.77,81.12,4,RSC,Kailali
2059-2-22,2002-06-05,,28.86,80.75,4,RSC,Kailali
2059-2-21,2002-06-04,,28.79,80.53,4,NSC,Kanchanpur
2059-2-21,2002-06-04,,30.71,81.34,6,NSC,Tibet
2059-1-19,2002-05-02,,27.67,86.67,5.2,NSC,Solukhumbu
2059-1-2,2002-04-15,,26.87,86.31,4,NSC,Udayapur
2058-12-27,2002-04-09,,27.46,86.174,4,NSC,Ramechhap
2058-10-21,2002-02-03,,27.72,86.37,4.1,NSC,Dolakha
2058-9-4,2001-12-19,,23.83,89.88,4.8,NSC,Bangaladesh
2058-9-3,2001-12-18,,29.58,81.8,4.8,RSC,Mugu
2058-8-13,2001-11-28,,29.59,81.77,4.5,RSC,Mugu
2058-8-12,2001-11-27,,29.52,81.99,5.2,RSC,Mugu
2058-8-12,2001-11-27,,29.63,81.79,5.7,RSC,Mugu
2058-8-12,2001-11-27,,29.53,81.81,5.8,RSC,Mugu
2058-7-11,2001-10-27,,29.56,81.46,4.7,RSC,Humla
2058-6-11,2001-09-27,,26.98,87.78,4.8,NSC,Udayapur
2058-5-28,2001-09-13,,29.821,80.644,5,NSC,Darchula
2058-4-1,2001-07-16,,28.29,84.27,4.8,NSC,Lamjung
2058-4-1,2001-07-16,,27.97,84.68,5.9,NSC,Gorkha
2058-3-27,2001-07-11,,29.507,81.394,4.3,NSC,Bajhang
2058-1-2,2001-04-15,,29.458,81.4,4.4,RSC,Bajura
2057-12-22,2001-04-04,,27.806,86.171,4.8,NSC,Dolakha
2057-10-13,2001-01-26,,24.173,69.853,7,NSC,Bhuj/India
2057-9-16,2000-12-31,,27.84,87.71,4.1,NSC,Taplejung
2057-5-17,2000-09-02,,28.071,85.334,4.5,NSC,Nuwakot
2057-2-20,2000-06-02,,28.07,83.29,4.2,NSC,Arghanchi
2056-12-4,2000-03-17,,27.76,87.55,4.2,NSC,Sankhuwasabha
2056-11-30,2000-03-13,,27.73,87.71,5.1,NSC,Sankhuwasabha
2056-11-30,2000-03-13,,27.99,87.42,5,NSC,Taplejung
2056-11-30,2000-03-13,,29.77,81.41,4.2,NSC,Bajhang
2056-11-14,2000-02-26,,28.617,82.314,5.1,NSC,Jajarkot
2056-10-11,2000-01-25,,27.378,88.059,4.6,NSC,Taplejung
2056-10-6,2000-01-20,,27.928,86.06,4.8,NSC,Sindhupalchowk
2056-8-25,1999-12-11,,30.159,81.563,4.6,NSC,Humla
2056-6-3,1999-09-20,,27.38,87.897,4.5,NSC,Taplejung 
2056-5-9,1999-08-25,,28.157,84.742,4.5,NSC,Gorkha
2056-4-25,1999-08-10,,27.795,86.208,5.7,NSC,Dolakha
2055-12-24,1999-04-07,,29.596,81.226,4.4,RSC,Bajhang
2055-12-14,1999-03-28,,30.498,79.257,6.5,RSC,Chamauli/India
2055-12-5,1999-03-19,,27.934,85.834,4.8,NSC,Sindhupalchowk
2055-11-7,1999-02-19,,29.867,80.618,4.6,RSC,Darchula
2055-10-28,1999-02-11,,28.61,83.348,4.7,NSC,Myagdi
2055-8-10,1998-11-26,,27.859,87.814,5.4,NSC,Taplejung
2055-6-30,1998-10-16,,28.077,85.66,4.9,NSC,Sindhupalchowk
2055-5-25,1998-09-10,,27.444,88.33,5,NSC,Taplejung
2055-5-21,1998-09-06,,27.797,87.015,4.7,NSC,Solukhumbu
2055-5-18,1998-09-03,,27.873,86.964,5.6,NSC,Solukhumbu
2055-3-31,1998-07-15,,29.551,81.247,5.1,NSC,Bajhang
2055-3-13,1998-06-27,,27.866,85.812,5,NSC,Sankhuwasabha
2055-2-2,1998-05-16,,26.76,84.817,4.8,NSC,Parsa
2055-1-27,1998-05-10,,29.41,82.38,4.7,RSC,Jumla
2054-11-16,1998-02-28,,27.15,87.86,5,NSC,Panchthar
2054-11-10,1998-02-22,,28.72,85.52,5.5,NSC,Tibet
2054-10-30,1998-02-12,,27.59,88.19,4.6,NSC,Taplejung
2054-8-23,1997-12-08,,27.19,86.85,5,NSC,Khotang
2054-8-12,1997-11-27,,27.74,87,5.5,NSC,Solukhumbu
2054-8-11,1997-11-26,,27.75,86,4.3,NSC,Dolakha
2054-7-8,1997-10-24,,28.66,82.54,5.2,RSC,Rukum
2054-6-25,1997-10-11,,27.65,86.41,4.8,NSC,Ramechhap
2054-2-15,1997-05-28,,28.68,82.58,4.5,RSC,Rukum
2054-2-8,1997-05-21,,23.71,80.47,6,NSC,India
2053-12-25,1997-04-07,,27.5,87.746,4.6,NSC,Solukhumbu
2053-12-11,1997-03-24,,28.06,85.28,5,NSC,Rasuwa
2053-11-7,1997-02-18,,29.52,81.33,4.4,RSC,Bajhang
2053-10-28,1997-02-10,,28.12,85.33,4.2,NSC,Rasuwa
2053-10-21,1997-02-03,,28.02,85.33,5,NSC,Rasuwa
2053-10-21,1997-02-03,,28.09,85.29,4.7,NSC,Rasuwa
2053-10-19,1997-02-01,,28,85.303,4.7,NSC,Rasuwa
2053-10-18,1997-01-31,,28.078,85.286,5.8,NSC,Rasuwa
2053-10-18,1997-01-31,,28.015,85.301,5,NSC,Rasuwa
2053-9-21,1997-01-05,,29.785,80.588,5.6,RSC,Darchula
2053-9-17,1997-01-01,,27.005,86.561,4.5,NSC,Udayapur
2053-9-14,1996-12-29,,29.75,81.828,5.2,RSC,Humla
2053-9-7,1996-12-22,,29.012,81.726,4.4,RSC,Dailekh
2053-8-18,1996-12-03,,27.39,86.842,5.3,NSC,Solukhumbu
2053-7-23,1996-11-08,,29.667,81.699,4.9,RSC,Humla
2053-7-19,1996-11-04,,29.63,81.859,4.9,RSC,Mugu
2053-6-30,1996-10-16,,28.778,79.951,4.4,RSC,
2053-3-26,1996-07-10,,29.616,81.981,4.6,RSC,Mugu
2053-1-14,1996-04-26,,27.935,87.705,5.3,NSC,Taplejung
2052-11-16,1996-02-28,,27.122,86.766,4.8,NSC,Udayapur
2052-6-18,1995-10-04,05:30,28.27,84.44,4.7,NSC,Lamjung
2052-4-22,1995-08-07,,25.75,86.24,4.5,NSC,India
2052-4-22,1995-08-07,,29.88,81.63,5,RSC,Bajura
2052-4-18,1995-08-03,,30.04,81.54,4.8,RSC,Humla
2052-3-7,1995-06-21,,21.81,85.27,6,NSC,India
2052-2-28,1995-06-11,,27.22,87.95,4.2,NSC,Taplejung
2052-1-4,1995-04-17,,29.51,81.71,4.7,RSC,Bajura
2051-11-6,1995-02-18,,27.74,85.88,4.6,NSC,Kavrepalanchowk
2051-10-16,1995-01-30,,29.32,82.19,4.3,RSC,Jumla
2051-10-16,1995-01-30,,29.38,82.3,4.2,RSC,Jumla
2051-10-15,1995-01-29,,26.85,86.11,4.5,NSC,Dhanusa
2051-10-5,1995-01-19,,28.35,83.44,4.3,NSC,Magdi
2051-8-27,1994-12-13,,28.7,82.88,4.6,,Rukum
2051-8-26,1994-12-12,,29.84,80.69,4.6,,Darchula
2051-8-11,1994-11-27,,29.72,81.56,4.5,,Bajura
2051-8-5,1994-11-21,,29.54,81.15,4.2,,Bajhang
2051-7-7,1994-10-24,,28.92,82,4.7,,Jajarkot
2051-7-5,1994-10-22,,29,82.26,4.6,,Jajarkot
2051-6-9,1994-09-25,,28.34,87.35,4.8,,Sankhuwasabha
2051-5-15,1994-08-31,,26.09,79.51,6,,India
2051-4-2,1994-07-17,,29.37,81.52,5.5,,Bajura
2051-3-11,1994-06-25,00:00,27.75,86.16,5.1,,Dolakha
